search_key,search_time,keyword,article_index,title,url,snippet,ai_summary
바이브코딩 피로감-202602121440,2026-02-12 14:40:56.367161,바이브코딩 피로감,1,뉴스 10페이지 | 팩플 - 중앙일보,https://www.joongang.co.kr/factpl/news?page=10,심지어 '바이브 코딩' 덕에 개발 지식이 없는 비(非) 개발자들까지 같은 자리를 ... 피로감을 드러냈다. 미성년자 보호자들 사이에서는 숏폼(짧은 영상) 콘텐트를,"다음 뉴스 기사들의 핵심 내용은 다음과 같습니다:

*   **바이브 코딩 정의 및 유래:** '바이브 코딩'은 자연어 명령을 통해 인공지능(AI)이 프로그램 코드를 짜는 소프트웨어 개발 기술을 의미하며, 오픈AI 공동창업자 안드레이 카르파티가 이 용어를 처음 제시했습니다. 이는 '느낌으로 하는 코딩' 또는 '말로 만드는 프로그래밍'으로 설명됩니다.
*   **콜린스 올해의 단어 선정:** 영국 영어사전 콜린스가 '바이브 코딩'을 '2025 올해의 단어'로 선정했으며, 이는 인간과 기술 간의 진화하는 관계를 포착한 용어로 평가받고 있습니다.
*   **광범위한 사회적 영향:** 바이브 코딩 덕분에 개발 지식이 없는 비(非)개발자까지 소프트웨어 개발에 참여할 수 있게 되었으며, 이는 실리콘밸리를 넘어 AI가 일상의 모든 것을 보조하는 광범위한 문화적 변동을 보여줍니다.
*   **기술의 양면성 및 논쟁:** 전문가들은 바이브 코딩의 혁신성과 무모함에 대해 논쟁을 벌이고 있으며, 이러한 기술의 확산이 경쟁 심화와 피로감을 유발할 수 있다는 우려도 제기됩니다.
*   **기술 중심 사회 변화 반영:** '바이브 코딩' 외에도 '클랭커', '아우라 파밍', '태스크마스킹' 등 콜린스의 다른 올해의 단어 후보들도 AI와 기술이 사회에 가져오는 변화와 긴장을 반영하고 있습니다."
바이브코딩 피로감-202602121440,2026-02-12 14:40:56.367161,바이브코딩 피로감,2,팩플 10페이지 | 중앙일보,https://www.joongang.co.kr/factpl?page=10,... 바이브 코딩으로 월 100만 원씩 꽂히는 앱을 여러 개 만든다해도 결국 경쟁자에 ... 피로감을 느끼고 서비스에서 이탈할 가능성이 높아진다. 피츠의 법칙(Fitts's,"다음 뉴스 기사들의 핵심 내용은 다음과 같습니다:

*   **바이브 코딩 정의 및 유래:** '바이브 코딩'은 자연어 명령을 통해 인공지능(AI)이 프로그램 코드를 짜는 소프트웨어 개발 기술을 의미하며, 오픈AI 공동창업자 안드레이 카르파티가 이 용어를 처음 제시했습니다. 이는 '느낌으로 하는 코딩' 또는 '말로 만드는 프로그래밍'으로 설명됩니다.
*   **콜린스 올해의 단어 선정:** 영국 영어사전 콜린스가 '바이브 코딩'을 '2025 올해의 단어'로 선정했으며, 이는 인간과 기술 간의 진화하는 관계를 포착한 용어로 평가받고 있습니다.
*   **광범위한 사회적 영향:** 바이브 코딩 덕분에 개발 지식이 없는 비(非)개발자까지 소프트웨어 개발에 참여할 수 있게 되었으며, 이는 실리콘밸리를 넘어 AI가 일상의 모든 것을 보조하는 광범위한 문화적 변동을 보여줍니다.
*   **기술의 양면성 및 논쟁:** 전문가들은 바이브 코딩의 혁신성과 무모함에 대해 논쟁을 벌이고 있으며, 이러한 기술의 확산이 경쟁 심화와 피로감을 유발할 수 있다는 우려도 제기됩니다.
*   **기술 중심 사회 변화 반영:** '바이브 코딩' 외에도 '클랭커', '아우라 파밍', '태스크마스킹' 등 콜린스의 다른 올해의 단어 후보들도 AI와 기술이 사회에 가져오는 변화와 긴장을 반영하고 있습니다."
바이브코딩 피로감-202602121440,2026-02-12 14:40:56.367161,바이브코딩 피로감,3,신혜원 기자 - JTBC 뉴스,https://news.jtbc.co.kr/journalist/302,... 피로감이 쌓이거든요. 그리고 지금 우리가 뭐 주가지수가 높고 이렇지만 사실 ... 바이브 코딩 얘기를 하면서 말로 하면 코드를 짜주는. 예전에 입스타라는 게,"다음 뉴스 기사들의 핵심 내용은 다음과 같습니다:

*   **바이브 코딩 정의 및 유래:** '바이브 코딩'은 자연어 명령을 통해 인공지능(AI)이 프로그램 코드를 짜는 소프트웨어 개발 기술을 의미하며, 오픈AI 공동창업자 안드레이 카르파티가 이 용어를 처음 제시했습니다. 이는 '느낌으로 하는 코딩' 또는 '말로 만드는 프로그래밍'으로 설명됩니다.
*   **콜린스 올해의 단어 선정:** 영국 영어사전 콜린스가 '바이브 코딩'을 '2025 올해의 단어'로 선정했으며, 이는 인간과 기술 간의 진화하는 관계를 포착한 용어로 평가받고 있습니다.
*   **광범위한 사회적 영향:** 바이브 코딩 덕분에 개발 지식이 없는 비(非)개발자까지 소프트웨어 개발에 참여할 수 있게 되었으며, 이는 실리콘밸리를 넘어 AI가 일상의 모든 것을 보조하는 광범위한 문화적 변동을 보여줍니다.
*   **기술의 양면성 및 논쟁:** 전문가들은 바이브 코딩의 혁신성과 무모함에 대해 논쟁을 벌이고 있으며, 이러한 기술의 확산이 경쟁 심화와 피로감을 유발할 수 있다는 우려도 제기됩니다.
*   **기술 중심 사회 변화 반영:** '바이브 코딩' 외에도 '클랭커', '아우라 파밍', '태스크마스킹' 등 콜린스의 다른 올해의 단어 후보들도 AI와 기술이 사회에 가져오는 변화와 긴장을 반영하고 있습니다."
바이브코딩 피로감-202602121440,2026-02-12 14:40:56.367161,바이브코딩 피로감,4,느낌으로 코딩하는 시대! 영국 콜린스 올해의 단어로 '바이브 코딩' 선정,https://kids.donga.com/news/articleView.html?idxno=167371,"'바이브(Vibe)'는 분위기, 느낌이라는 뜻. 즉 바이브 코딩은 '느낌으로 하는 코딩', '말로 만드는 프로그래밍'을 표현한 말이에요. 예전에는 영어와 숫자","다음 뉴스 기사들의 핵심 내용은 다음과 같습니다:

*   **바이브 코딩 정의 및 유래:** '바이브 코딩'은 자연어 명령을 통해 인공지능(AI)이 프로그램 코드를 짜는 소프트웨어 개발 기술을 의미하며, 오픈AI 공동창업자 안드레이 카르파티가 이 용어를 처음 제시했습니다. 이는 '느낌으로 하는 코딩' 또는 '말로 만드는 프로그래밍'으로 설명됩니다.
*   **콜린스 올해의 단어 선정:** 영국 영어사전 콜린스가 '바이브 코딩'을 '2025 올해의 단어'로 선정했으며, 이는 인간과 기술 간의 진화하는 관계를 포착한 용어로 평가받고 있습니다.
*   **광범위한 사회적 영향:** 바이브 코딩 덕분에 개발 지식이 없는 비(非)개발자까지 소프트웨어 개발에 참여할 수 있게 되었으며, 이는 실리콘밸리를 넘어 AI가 일상의 모든 것을 보조하는 광범위한 문화적 변동을 보여줍니다.
*   **기술의 양면성 및 논쟁:** 전문가들은 바이브 코딩의 혁신성과 무모함에 대해 논쟁을 벌이고 있으며, 이러한 기술의 확산이 경쟁 심화와 피로감을 유발할 수 있다는 우려도 제기됩니다.
*   **기술 중심 사회 변화 반영:** '바이브 코딩' 외에도 '클랭커', '아우라 파밍', '태스크마스킹' 등 콜린스의 다른 올해의 단어 후보들도 AI와 기술이 사회에 가져오는 변화와 긴장을 반영하고 있습니다."
바이브코딩 피로감-202602121440,2026-02-12 14:40:56.367161,바이브코딩 피로감,5,英콜린스 올해의 단어에 AI가 코드 짜는 '바이브 코딩' - 연합뉴스,https://www.yna.co.kr/view/AKR20251106166200085,"# 英콜린스 올해의 단어에 AI가 코드 짜는 '바이브 코딩'

송고2025-11-06 20:18

송고 2025년11월06일 20시18분

영국 영어사전 콜린스 사전이 '2025 올해의 단어'에 자연어로 명령하면 인공지능이 프로그램 코드를 짜는 소프트웨어 개발 기술을 가리키는 '바이브 코딩'을 선정했다고 6일 밝혔다.

콜린스는 ""우리와 기술 간 진화하는 관계에 대한 근본을 포착한 용어""라며 ""전문가들은 이를 두고 혁신적인지 무모한 것인지 논쟁을 벌이지만, 실리콘밸리를 넘어 AI가 일상의 모든 것을 보조하는 광범위한 문화적 변동을 보여준다""고 설명했다.

바이브 코딩 외에 콜린스가 최종 후보에 올린 단어에는 영화 '스타워즈' 시리즈에서 컴퓨터나 로봇, AI 소프트웨어를 비하하는 데 사용된 말인 '클랭커'와 같이 기술과 그로 인한 사회 변화를 담은 말이 상당수였다.

김지연
AI 일러스트

[로이터 연합뉴스 자료사진 재판매 및 DB 금지]

(런던=연합뉴스) 김지연 특파원 = 영국 영어사전 콜린스 사전이 '2025 올해의 단어'에 자연어로 명령하면 인공지능(AI)이 프로그램 코드를 짜는 소프트웨어 개발 기술을 가리키는 '바이브 코딩'(Vibe coding)을 선정했다고 6일(현지시간) 밝혔다.

바이브 코딩은 ""이런저런 기능을 넣어 할 일 목록 앱 만들어줘"", ""이 웹페이지를 좀 더 시원한 분위기로 고쳐줘"" 등 자연어 프롬프트를 넣으면 AI가 코드를 작성해주는 신기술이다. 오픈AI 공동창업자 안드레이 카르파티가 이 용어를 처음 제시했다. [...] 트럼프 취임식의 저커버그, 베이조스, 피차이, 머스크

[EPA 연합뉴스 자료사진 재판매 및 DB 금지]

겉보기에 카리스마 넘치는 페르소나를 만들어내는 '아우라 파밍'(aura farming), 일터에서 일하지 않으면서 일하는 것처럼 보이려 하는 '태스크마스킹'(taskmasking), 자아실현과 재충전을 위한 휴직 '마이크로 은퇴'(micro-retirement)도 최종 후보에 올랐다.

고소득인데도 부자가 되지 못한 사람을 가리키는 '헨리'(HENRY·high earner, not rich yet), 건강 개선을 위해 신체의 자연적 과정을 바꾸려는 노력인 '바이오해킹'(biohacking), 기후변화에 따른 피서 '쿨케이션'(coolcation)도 포함됐다.

콜린스는 최종 후보들을 두고 ""AI와 기술을 받아들이는 동시에 저항하는 근본적 긴장을 보여준다""고 풀이했다.

cherora@yna.co.kr

제보는 카카오톡 okjebo
<저작권자(c) 연합뉴스,
무단 전재-재배포, AI 학습 및 활용 금지>

2025/11/06 20:18 송고
2025년11월06일 20시18분 송고

### 핫뉴스 [...] 카르파티는 올해 2월 엑스(X·옛 트위터)에서 본인이 이런 방식을 많이 쓰고 이를 바이브 코딩으로 부른다고 소개하면서 ""바이브(분위기)에 다 내어주고 코드가 존재한다는 사실조차 잊는 것""이라고 설명했다.

그러면서 ""프로젝트나 웹앱을 만들고 있지만 진짜 코딩은 아니다""며 ""그저 보고 말하고 돌리고 '복붙'(copy paste)하는데 그게 대체로 통한다""고도 썼다.

콜린스는 ""우리와 기술 간 진화하는 관계에 대한 근본을 포착한 용어""라며 ""전문가들은 이를 두고 혁신적인지 무모한 것인지 논쟁을 벌이지만, 실리콘밸리를 넘어 AI가 일상의 모든 것을 보조하는 광범위한 문화적 변동을 보여준다""고 설명했다.

바이브 코딩 외에 콜린스가 최종 후보에 올린 단어에는 영화 '스타워즈' 시리즈에서 컴퓨터나 로봇, AI 소프트웨어를 비하하는 데 사용된 말인 '클랭커'(clanker)와 같이 기술과 그로 인한 사회 변화를 담은 말이 상당수였다.

도널드 트럼프 미국 대통령의 취임식에 일론 머스크, 제프 베이조스, 마크 저커버그 등 테크업계 억만장자가 줄줄이 참석한 이후 정치적 영향력을 행사하는 억만장자를 가리키는 말인 '브롤리가키'(broligarchy)도 올해 자주 쓰였다.

트럼프 취임식의 저커버그, 베이조스, 피차이, 머스크

[EPA 연합뉴스 자료사진 재판매 및 DB 금지]","다음 뉴스 기사들의 핵심 내용은 다음과 같습니다:

*   **바이브 코딩 정의 및 유래:** '바이브 코딩'은 자연어 명령을 통해 인공지능(AI)이 프로그램 코드를 짜는 소프트웨어 개발 기술을 의미하며, 오픈AI 공동창업자 안드레이 카르파티가 이 용어를 처음 제시했습니다. 이는 '느낌으로 하는 코딩' 또는 '말로 만드는 프로그래밍'으로 설명됩니다.
*   **콜린스 올해의 단어 선정:** 영국 영어사전 콜린스가 '바이브 코딩'을 '2025 올해의 단어'로 선정했으며, 이는 인간과 기술 간의 진화하는 관계를 포착한 용어로 평가받고 있습니다.
*   **광범위한 사회적 영향:** 바이브 코딩 덕분에 개발 지식이 없는 비(非)개발자까지 소프트웨어 개발에 참여할 수 있게 되었으며, 이는 실리콘밸리를 넘어 AI가 일상의 모든 것을 보조하는 광범위한 문화적 변동을 보여줍니다.
*   **기술의 양면성 및 논쟁:** 전문가들은 바이브 코딩의 혁신성과 무모함에 대해 논쟁을 벌이고 있으며, 이러한 기술의 확산이 경쟁 심화와 피로감을 유발할 수 있다는 우려도 제기됩니다.
*   **기술 중심 사회 변화 반영:** '바이브 코딩' 외에도 '클랭커', '아우라 파밍', '태스크마스킹' 등 콜린스의 다른 올해의 단어 후보들도 AI와 기술이 사회에 가져오는 변화와 긴장을 반영하고 있습니다."
